order;parameter;unit;pre monsoon;post monsoon;average;based on N samples per location;river;sample;year(s) data;source short;source;remarks
1;pH;;;;8.50;1;Hindon;HS-15;?;Lewis, 2007;Lewis, H. (2007). Hindon river: gasping for breath. Janhit Foundation, Meerut, Uttar Pradesh.;
2;EC;?s/cm;;;1082.00;1;Hindon;HS-15;?;Lewis, 2007;Lewis, H. (2007). Hindon river: gasping for breath. Janhit Foundation, Meerut, Uttar Pradesh.;
3;DO;mg/l;;;0.80;1;Hindon;HS-15;?;Lewis, 2007;Lewis, H. (2007). Hindon river: gasping for breath. Janhit Foundation, Meerut, Uttar Pradesh.;
4;BOD;mg/l;;;240.00;1;Hindon;HS-15;?;Lewis, 2007;Lewis, H. (2007). Hindon river: gasping for breath. Janhit Foundation, Meerut, Uttar Pradesh.;
5;Cl;mg/l;;;97.00;1;Hindon;HS-15;?;Lewis, 2007;Lewis, H. (2007). Hindon river: gasping for breath. Janhit Foundation, Meerut, Uttar Pradesh.;
6;Pb;?g/l;;;40.00;1;Hindon;HS-15;?;Lewis, 2007;Lewis, H. (2007). Hindon river: gasping for breath. Janhit Foundation, Meerut, Uttar Pradesh.;
7;Cr;?g/l;;;12250.00;1;Hindon;HS-15;?;Lewis, 2007;Lewis, H. (2007). Hindon river: gasping for breath. Janhit Foundation, Meerut, Uttar Pradesh.;changed mg/l > ?g/l * 1000 (I have doubts if Lewis correctly measured this and it is not ?g/l instead of mg/l, in groundwater it is indeed ppb)
8;Cd;?g/l;;;0.50;1;Hindon;HS-15;?;Lewis, 2007;Lewis, H. (2007). Hindon river: gasping for breath. Janhit Foundation, Meerut, Uttar Pradesh.;BDL -> 0.0005 mg/L (lowest value not BDL is 0.001 -> take half), mg/l *1000 -> microg/L ->  0.5
9;pH;;;;8.60;1;Kali;KS-3;?;Lewis, 2007;Lewis, H. (2007). Hindon river: gasping for breath. Janhit Foundation, Meerut, Uttar Pradesh.;
10;EC;?s/cm;;;520.00;1;Kali;KS-3;?;Lewis, 2007;Lewis, H. (2007). Hindon river: gasping for breath. Janhit Foundation, Meerut, Uttar Pradesh.;
11;DO;mg/l;;;2.40;1;Kali;KS-3;?;Lewis, 2007;Lewis, H. (2007). Hindon river: gasping for breath. Janhit Foundation, Meerut, Uttar Pradesh.;
12;BOD;mg/l;;;14.00;1;Kali;KS-3;?;Lewis, 2007;Lewis, H. (2007). Hindon river: gasping for breath. Janhit Foundation, Meerut, Uttar Pradesh.;
13;Cl;mg/l;;;27.00;1;Kali;KS-3;?;Lewis, 2007;Lewis, H. (2007). Hindon river: gasping for breath. Janhit Foundation, Meerut, Uttar Pradesh.;
14;Pb;?g/l;;;700.00;1;Kali;KS-3;?;Lewis, 2007;Lewis, H. (2007). Hindon river: gasping for breath. Janhit Foundation, Meerut, Uttar Pradesh.;
15;Cr;?g/l;;;2830.00;1;Kali;KS-3;?;Lewis, 2007;Lewis, H. (2007). Hindon river: gasping for breath. Janhit Foundation, Meerut, Uttar Pradesh.;changed mg/l > ?g/l * 1000 (I have doubts if Lewis correctly measured this and it is not ?g/l instead of mg/l, in groundwater it is indeed ppb)
16;Cd;?g/l;;;2.00;1;Kali;KS-3;?;Lewis, 2007;Lewis, H. (2007). Hindon river: gasping for breath. Janhit Foundation, Meerut, Uttar Pradesh.;
17;pH;;;;7.30;1;Krishni;KrS-6;?;Lewis, 2007;Lewis, H. (2007). Hindon river: gasping for breath. Janhit Foundation, Meerut, Uttar Pradesh.;
18;EC;?s/cm;;;2365.00;1;Krishni;KrS-6;?;Lewis, 2007;Lewis, H. (2007). Hindon river: gasping for breath. Janhit Foundation, Meerut, Uttar Pradesh.;
19;DO;mg/l;;;0.10;1;Krishni;KrS-6;?;Lewis, 2007;Lewis, H. (2007). Hindon river: gasping for breath. Janhit Foundation, Meerut, Uttar Pradesh.;Nil -> 0.1 (lowest non Nil = 0.8)
20;BOD;mg/l;;;1120.00;1;Krishni;KrS-6;?;Lewis, 2007;Lewis, H. (2007). Hindon river: gasping for breath. Janhit Foundation, Meerut, Uttar Pradesh.;
21;COD;mg/l;;;1600.00;1;Krishni;KrS-6;?;Lewis, 2007;Lewis, H. (2007). Hindon river: gasping for breath. Janhit Foundation, Meerut, Uttar Pradesh.;
22;Cl;mg/l;;;250.00;1;Krishni;KrS-6;?;Lewis, 2007;Lewis, H. (2007). Hindon river: gasping for breath. Janhit Foundation, Meerut, Uttar Pradesh.;
23;Pb;?g/l;;;160.00;1;Krishni;KrS-6;?;Lewis, 2007;Lewis, H. (2007). Hindon river: gasping for breath. Janhit Foundation, Meerut, Uttar Pradesh.;
24;Cr;?g/l;;;3250.00;1;Krishni;KrS-6;?;Lewis, 2007;Lewis, H. (2007). Hindon river: gasping for breath. Janhit Foundation, Meerut, Uttar Pradesh.;changed mg/l > ?g/l * 1000 (I have doubts if Lewis correctly measured this and it is not ?g/l instead of mg/l, in groundwater it is indeed ppb)
25;Cd;?g/l;;;2.00;1;Krishni;KrS-6;?;Lewis, 2007;Lewis, H. (2007). Hindon river: gasping for breath. Janhit Foundation, Meerut, Uttar Pradesh.;
26;pH;;dry;7.5;7.50;2;Hindon;RH-5;2012;Sharma et al, 2014;Sharma, M. K., Jain, C. K., & Singh, O. (2014). Characterization of point sources and water quality assessment of river Hindon using water quality index. Journal of Indian Water Resources Society, 34(1), 53-64.;
27;EC;?s/cm;dry;1648;1648.00;2;Hindon;RH-5;2012;Sharma et al, 2014;Sharma, M. K., Jain, C. K., & Singh, O. (2014). Characterization of point sources and water quality assessment of river Hindon using water quality index. Journal of Indian Water Resources Society, 34(1), 53-64.;
28;DO;mg/l;dry;0;0.00;2;Hindon;RH-5;2012;Sharma et al, 2014;Sharma, M. K., Jain, C. K., & Singh, O. (2014). Characterization of point sources and water quality assessment of river Hindon using water quality index. Journal of Indian Water Resources Society, 34(1), 53-64.;
29;BOD;mg/l;dry;129;129.00;2;Hindon;RH-5;2012;Sharma et al, 2014;Sharma, M. K., Jain, C. K., & Singh, O. (2014). Characterization of point sources and water quality assessment of river Hindon using water quality index. Journal of Indian Water Resources Society, 34(1), 53-64.;
30;COD;mg/l;dry;302;302.00;2;Hindon;RH-5;2012;Sharma et al, 2014;Sharma, M. K., Jain, C. K., & Singh, O. (2014). Characterization of point sources and water quality assessment of river Hindon using water quality index. Journal of Indian Water Resources Society, 34(1), 53-64.;
31;TDS;mg/l;dry;1055;1055.00;2;Hindon;RH-5;2012;Sharma et al, 2014;Sharma, M. K., Jain, C. K., & Singh, O. (2014). Characterization of point sources and water quality assessment of river Hindon using water quality index. Journal of Indian Water Resources Society, 34(1), 53-64.;
32;Hardness;mg/l;dry;420;420.00;2;Hindon;RH-5;2012;Sharma et al, 2014;Sharma, M. K., Jain, C. K., & Singh, O. (2014). Characterization of point sources and water quality assessment of river Hindon using water quality index. Journal of Indian Water Resources Society, 34(1), 53-64.;
33;Alkalinity;mg/l;dry;700;700.00;2;Hindon;RH-5;2012;Sharma et al, 2014;Sharma, M. K., Jain, C. K., & Singh, O. (2014). Characterization of point sources and water quality assessment of river Hindon using water quality index. Journal of Indian Water Resources Society, 34(1), 53-64.;
34;Ca;mg/l;dry;92;92.00;2;Hindon;RH-5;2012;Sharma et al, 2014;Sharma, M. K., Jain, C. K., & Singh, O. (2014). Characterization of point sources and water quality assessment of river Hindon using water quality index. Journal of Indian Water Resources Society, 34(1), 53-64.;
35;Mg;mg/l;dry;46;46.00;2;Hindon;RH-5;2012;Sharma et al, 2014;Sharma, M. K., Jain, C. K., & Singh, O. (2014). Characterization of point sources and water quality assessment of river Hindon using water quality index. Journal of Indian Water Resources Society, 34(1), 53-64.;
36;pH;;7.4;7.3;7.35;2;Kali;K-1;2012;Sharma et al, 2014;Sharma, M. K., Jain, C. K., & Singh, O. (2014). Characterization of point sources and water quality assessment of river Hindon using water quality index. Journal of Indian Water Resources Society, 34(1), 53-64.;
37;EC;?s/cm;1410;330;870.00;2;Kali;K-1;2012;Sharma et al, 2014;Sharma, M. K., Jain, C. K., & Singh, O. (2014). Characterization of point sources and water quality assessment of river Hindon using water quality index. Journal of Indian Water Resources Society, 34(1), 53-64.;
38;DO;mg/l;0.4;1.5;0.95;2;Kali;K-1;2012;Sharma et al, 2014;Sharma, M. K., Jain, C. K., & Singh, O. (2014). Characterization of point sources and water quality assessment of river Hindon using water quality index. Journal of Indian Water Resources Society, 34(1), 53-64.;
39;BOD;mg/l;56;0.1;28.05;2;Kali;K-1;2012;Sharma et al, 2014;Sharma, M. K., Jain, C. K., & Singh, O. (2014). Characterization of point sources and water quality assessment of river Hindon using water quality index. Journal of Indian Water Resources Society, 34(1), 53-64.;
40;COD;mg/l;72;56;64.00;2;Kali;K-1;2012;Sharma et al, 2014;Sharma, M. K., Jain, C. K., & Singh, O. (2014). Characterization of point sources and water quality assessment of river Hindon using water quality index. Journal of Indian Water Resources Society, 34(1), 53-64.;
41;TDS;mg/l;902;211;556.50;2;Kali;K-1;2012;Sharma et al, 2014;Sharma, M. K., Jain, C. K., & Singh, O. (2014). Characterization of point sources and water quality assessment of river Hindon using water quality index. Journal of Indian Water Resources Society, 34(1), 53-64.;
42;Hardness;mg/l;472;130;301.00;2;Kali;K-1;2012;Sharma et al, 2014;Sharma, M. K., Jain, C. K., & Singh, O. (2014). Characterization of point sources and water quality assessment of river Hindon using water quality index. Journal of Indian Water Resources Society, 34(1), 53-64.;
43;Alkalinity;mg/l;156;120;138.00;2;Kali;K-1;2012;Sharma et al, 2014;Sharma, M. K., Jain, C. K., & Singh, O. (2014). Characterization of point sources and water quality assessment of river Hindon using water quality index. Journal of Indian Water Resources Society, 34(1), 53-64.;
44;Ca;mg/l;110;28;69.00;2;Kali;K-1;2012;Sharma et al, 2014;Sharma, M. K., Jain, C. K., & Singh, O. (2014). Characterization of point sources and water quality assessment of river Hindon using water quality index. Journal of Indian Water Resources Society, 34(1), 53-64.;
45;Mg;mg/l;48;14;31.00;2;Kali;K-1;2012;Sharma et al, 2014;Sharma, M. K., Jain, C. K., & Singh, O. (2014). Characterization of point sources and water quality assessment of river Hindon using water quality index. Journal of Indian Water Resources Society, 34(1), 53-64.;
46;pH;;dry;7;7.00;2;Krishni;KR-1;2012;Sharma et al, 2014;Sharma, M. K., Jain, C. K., & Singh, O. (2014). Characterization of point sources and water quality assessment of river Hindon using water quality index. Journal of Indian Water Resources Society, 34(1), 53-64.;
47;EC;?s/cm;dry;335;335.00;2;Krishni;KR-1;2012;Sharma et al, 2014;Sharma, M. K., Jain, C. K., & Singh, O. (2014). Characterization of point sources and water quality assessment of river Hindon using water quality index. Journal of Indian Water Resources Society, 34(1), 53-64.;
48;DO;mg/l;dry;6.5;6.50;2;Krishni;KR-1;2012;Sharma et al, 2014;Sharma, M. K., Jain, C. K., & Singh, O. (2014). Characterization of point sources and water quality assessment of river Hindon using water quality index. Journal of Indian Water Resources Society, 34(1), 53-64.;
49;BOD;mg/l;dry;1.1;1.10;2;Krishni;KR-1;2012;Sharma et al, 2014;Sharma, M. K., Jain, C. K., & Singh, O. (2014). Characterization of point sources and water quality assessment of river Hindon using water quality index. Journal of Indian Water Resources Society, 34(1), 53-64.;
50;COD;mg/l;dry;46;46.00;2;Krishni;KR-1;2012;Sharma et al, 2014;Sharma, M. K., Jain, C. K., & Singh, O. (2014). Characterization of point sources and water quality assessment of river Hindon using water quality index. Journal of Indian Water Resources Society, 34(1), 53-64.;
51;TDS;mg/l;dry;214;214.00;2;Krishni;KR-1;2012;Sharma et al, 2014;Sharma, M. K., Jain, C. K., & Singh, O. (2014). Characterization of point sources and water quality assessment of river Hindon using water quality index. Journal of Indian Water Resources Society, 34(1), 53-64.;
52;Hardness;mg/l;dry;160;160.00;2;Krishni;KR-1;2012;Sharma et al, 2014;Sharma, M. K., Jain, C. K., & Singh, O. (2014). Characterization of point sources and water quality assessment of river Hindon using water quality index. Journal of Indian Water Resources Society, 34(1), 53-64.;
53;Alkalinity;mg/l;dry;106;106.00;2;Krishni;KR-1;2012;Sharma et al, 2014;Sharma, M. K., Jain, C. K., & Singh, O. (2014). Characterization of point sources and water quality assessment of river Hindon using water quality index. Journal of Indian Water Resources Society, 34(1), 53-64.;
54;Ca;mg/l;dry;32;32.00;2;Krishni;KR-1;2012;Sharma et al, 2014;Sharma, M. K., Jain, C. K., & Singh, O. (2014). Characterization of point sources and water quality assessment of river Hindon using water quality index. Journal of Indian Water Resources Society, 34(1), 53-64.;
55;Mg;mg/l;dry;16;16.00;2;Krishni;KR-1;2012;Sharma et al, 2014;Sharma, M. K., Jain, C. K., & Singh, O. (2014). Characterization of point sources and water quality assessment of river Hindon using water quality index. Journal of Indian Water Resources Society, 34(1), 53-64.;
56;pH;;;;7.40;12;Hindon;D5;1997-1999;Jain et al., 2002;Jain, C.K., D.C. Singhal and M.K. Sharma (2002). Survey and Characterization of Waste Effluents Polluting River Hindon, IJEP 22(7);
57;EC;?s/cm;;;1865.00;12;Hindon;D5;1997-1999;Jain et al., 2002;Jain, C.K., D.C. Singhal and M.K. Sharma (2002). Survey and Characterization of Waste Effluents Polluting River Hindon, IJEP 22(7);
58;DO;mg/l;;;1.60;12;Hindon;D5;1997-1999;Jain et al., 2002;Jain, C.K., D.C. Singhal and M.K. Sharma (2002). Survey and Characterization of Waste Effluents Polluting River Hindon, IJEP 22(7);
59;BOD;mg/l;;;217.00;12;Hindon;D5;1997-1999;Jain et al., 2002;Jain, C.K., D.C. Singhal and M.K. Sharma (2002). Survey and Characterization of Waste Effluents Polluting River Hindon, IJEP 22(7);
60;COD;mg/l;;;320.00;12;Hindon;D5;1997-1999;Jain et al., 2002;Jain, C.K., D.C. Singhal and M.K. Sharma (2002). Survey and Characterization of Waste Effluents Polluting River Hindon, IJEP 22(7);
61;Cl;mg/l;;;127.00;12;Hindon;D5;1997-1999;Jain et al., 2002;Jain, C.K., D.C. Singhal and M.K. Sharma (2002). Survey and Characterization of Waste Effluents Polluting River Hindon, IJEP 22(7);
62;TDS;mg/l;;;1193.00;12;Hindon;D5;1997-1999;Jain et al., 2002;Jain, C.K., D.C. Singhal and M.K. Sharma (2002). Survey and Characterization of Waste Effluents Polluting River Hindon, IJEP 22(7);
63;Hardness;mg/l;;;417.00;12;Hindon;D5;1997-1999;Jain et al., 2002;Jain, C.K., D.C. Singhal and M.K. Sharma (2002). Survey and Characterization of Waste Effluents Polluting River Hindon, IJEP 22(7);
64;Alkalinity;mg/l;;;576.00;12;Hindon;D5;1997-1999;Jain et al., 2002;Jain, C.K., D.C. Singhal and M.K. Sharma (2002). Survey and Characterization of Waste Effluents Polluting River Hindon, IJEP 22(7);
65;Ca;mg/l;;;100.00;12;Hindon;D5;1997-1999;Jain et al., 2002;Jain, C.K., D.C. Singhal and M.K. Sharma (2002). Survey and Characterization of Waste Effluents Polluting River Hindon, IJEP 22(7);
66;Mg;mg/l;;;41.00;12;Hindon;D5;1997-1999;Jain et al., 2002;Jain, C.K., D.C. Singhal and M.K. Sharma (2002). Survey and Characterization of Waste Effluents Polluting River Hindon, IJEP 22(7);
67;SO4;mg/l;;;63.00;12;Hindon;D5;1997-1999;Jain et al., 2002;Jain, C.K., D.C. Singhal and M.K. Sharma (2002). Survey and Characterization of Waste Effluents Polluting River Hindon, IJEP 22(7);
68;NO3;mg/l;;;4.80;12;Hindon;D5;1997-1999;Jain et al., 2002;Jain, C.K., D.C. Singhal and M.K. Sharma (2002). Survey and Characterization of Waste Effluents Polluting River Hindon, IJEP 22(7);
69;NH3;mg/l;;;35.00;12;Hindon;D5;1997-1999;Jain et al., 2002;Jain, C.K., D.C. Singhal and M.K. Sharma (2002). Survey and Characterization of Waste Effluents Polluting River Hindon, IJEP 22(7);
70;PO4;mg/l;;;4.45;12;Hindon;D5;1997-1999;Jain et al., 2002;Jain, C.K., D.C. Singhal and M.K. Sharma (2002). Survey and Characterization of Waste Effluents Polluting River Hindon, IJEP 22(7);
71;Na;mg/l;;;208.00;12;Hindon;D5;1997-1999;Jain et al., 2002;Jain, C.K., D.C. Singhal and M.K. Sharma (2002). Survey and Characterization of Waste Effluents Polluting River Hindon, IJEP 22(7);
72;K;mg/l;;;56.00;12;Hindon;D5;1997-1999;Jain et al., 2002;Jain, C.K., D.C. Singhal and M.K. Sharma (2002). Survey and Characterization of Waste Effluents Polluting River Hindon, IJEP 22(7);
73;pH;;;;7.50;12;Kali;D6;1997-1999;Jain et al., 2002;Jain, C.K., D.C. Singhal and M.K. Sharma (2002). Survey and Characterization of Waste Effluents Polluting River Hindon, IJEP 22(7);
74;EC;?s/cm;;;855.00;12;Kali;D6;1997-1999;Jain et al., 2002;Jain, C.K., D.C. Singhal and M.K. Sharma (2002). Survey and Characterization of Waste Effluents Polluting River Hindon, IJEP 22(7);
75;DO;mg/l;;;2.20;12;Kali;D6;1997-1999;Jain et al., 2002;Jain, C.K., D.C. Singhal and M.K. Sharma (2002). Survey and Characterization of Waste Effluents Polluting River Hindon, IJEP 22(7);
76;BOD;mg/l;;;52.00;12;Kali;D6;1997-1999;Jain et al., 2002;Jain, C.K., D.C. Singhal and M.K. Sharma (2002). Survey and Characterization of Waste Effluents Polluting River Hindon, IJEP 22(7);
77;COD;mg/l;;;72.00;12;Kali;D6;1997-1999;Jain et al., 2002;Jain, C.K., D.C. Singhal and M.K. Sharma (2002). Survey and Characterization of Waste Effluents Polluting River Hindon, IJEP 22(7);
78;Cl;mg/l;;;38.00;12;Kali;D6;1997-1999;Jain et al., 2002;Jain, C.K., D.C. Singhal and M.K. Sharma (2002). Survey and Characterization of Waste Effluents Polluting River Hindon, IJEP 22(7);
79;TDS;mg/l;;;547.00;12;Kali;D6;1997-1999;Jain et al., 2002;Jain, C.K., D.C. Singhal and M.K. Sharma (2002). Survey and Characterization of Waste Effluents Polluting River Hindon, IJEP 22(7);
80;Hardness;mg/l;;;237.00;12;Kali;D6;1997-1999;Jain et al., 2002;Jain, C.K., D.C. Singhal and M.K. Sharma (2002). Survey and Characterization of Waste Effluents Polluting River Hindon, IJEP 22(7);
81;Alkalinity;mg/l;;;296.00;12;Kali;D6;1997-1999;Jain et al., 2002;Jain, C.K., D.C. Singhal and M.K. Sharma (2002). Survey and Characterization of Waste Effluents Polluting River Hindon, IJEP 22(7);
82;Ca;mg/l;;;60.00;12;Kali;D6;1997-1999;Jain et al., 2002;Jain, C.K., D.C. Singhal and M.K. Sharma (2002). Survey and Characterization of Waste Effluents Polluting River Hindon, IJEP 22(7);
83;Mg;mg/l;;;21.00;12;Kali;D6;1997-1999;Jain et al., 2002;Jain, C.K., D.C. Singhal and M.K. Sharma (2002). Survey and Characterization of Waste Effluents Polluting River Hindon, IJEP 22(7);
84;SO4;mg/l;;;16.00;12;Kali;D6;1997-1999;Jain et al., 2002;Jain, C.K., D.C. Singhal and M.K. Sharma (2002). Survey and Characterization of Waste Effluents Polluting River Hindon, IJEP 22(7);
85;NO3;mg/l;;;5.40;12;Kali;D6;1997-1999;Jain et al., 2002;Jain, C.K., D.C. Singhal and M.K. Sharma (2002). Survey and Characterization of Waste Effluents Polluting River Hindon, IJEP 22(7);
86;NH3;mg/l;;;2.20;12;Kali;D6;1997-1999;Jain et al., 2002;Jain, C.K., D.C. Singhal and M.K. Sharma (2002). Survey and Characterization of Waste Effluents Polluting River Hindon, IJEP 22(7);
87;PO4;mg/l;;;0.65;12;Kali;D6;1997-1999;Jain et al., 2002;Jain, C.K., D.C. Singhal and M.K. Sharma (2002). Survey and Characterization of Waste Effluents Polluting River Hindon, IJEP 22(7);
88;Na;mg/l;;;77.00;12;Kali;D6;1997-1999;Jain et al., 2002;Jain, C.K., D.C. Singhal and M.K. Sharma (2002). Survey and Characterization of Waste Effluents Polluting River Hindon, IJEP 22(7);
89;K;mg/l;;;25.00;12;Kali;D6;1997-1999;Jain et al., 2002;Jain, C.K., D.C. Singhal and M.K. Sharma (2002). Survey and Characterization of Waste Effluents Polluting River Hindon, IJEP 22(7);
90;pH;;;;7.60;12;Krishni;D7;1997-1999;Jain et al., 2002;Jain, C.K., D.C. Singhal and M.K. Sharma (2002). Survey and Characterization of Waste Effluents Polluting River Hindon, IJEP 22(7);
91;EC;?s/cm;;;1019.00;12;Krishni;D7;1997-1999;Jain et al., 2002;Jain, C.K., D.C. Singhal and M.K. Sharma (2002). Survey and Characterization of Waste Effluents Polluting River Hindon, IJEP 22(7);
92;DO;mg/l;;;2.35;12;Krishni;D7;1997-1999;Jain et al., 2002;Jain, C.K., D.C. Singhal and M.K. Sharma (2002). Survey and Characterization of Waste Effluents Polluting River Hindon, IJEP 22(7);
93;BOD;mg/l;;;438.00;12;Krishni;D7;1997-1999;Jain et al., 2002;Jain, C.K., D.C. Singhal and M.K. Sharma (2002). Survey and Characterization of Waste Effluents Polluting River Hindon, IJEP 22(7);
94;COD;mg/l;;;633.00;12;Krishni;D7;1997-1999;Jain et al., 2002;Jain, C.K., D.C. Singhal and M.K. Sharma (2002). Survey and Characterization of Waste Effluents Polluting River Hindon, IJEP 22(7);
95;Cl;mg/l;;;53.00;12;Krishni;D7;1997-1999;Jain et al., 2002;Jain, C.K., D.C. Singhal and M.K. Sharma (2002). Survey and Characterization of Waste Effluents Polluting River Hindon, IJEP 22(7);
96;TDS;mg/l;;;562.00;12;Krishni;D7;1997-1999;Jain et al., 2002;Jain, C.K., D.C. Singhal and M.K. Sharma (2002). Survey and Characterization of Waste Effluents Polluting River Hindon, IJEP 22(7);
97;Hardness;mg/l;;;284.00;12;Krishni;D7;1997-1999;Jain et al., 2002;Jain, C.K., D.C. Singhal and M.K. Sharma (2002). Survey and Characterization of Waste Effluents Polluting River Hindon, IJEP 22(7);
98;Alkalinity;mg/l;;;340.00;12;Krishni;D7;1997-1999;Jain et al., 2002;Jain, C.K., D.C. Singhal and M.K. Sharma (2002). Survey and Characterization of Waste Effluents Polluting River Hindon, IJEP 22(7);
99;Ca;mg/l;;;75.00;12;Krishni;D7;1997-1999;Jain et al., 2002;Jain, C.K., D.C. Singhal and M.K. Sharma (2002). Survey and Characterization of Waste Effluents Polluting River Hindon, IJEP 22(7);
100;Mg;mg/l;;;24.00;12;Krishni;D7;1997-1999;Jain et al., 2002;Jain, C.K., D.C. Singhal and M.K. Sharma (2002). Survey and Characterization of Waste Effluents Polluting River Hindon, IJEP 22(7);
101;SO4;mg/l;;;34.00;12;Krishni;D7;1997-1999;Jain et al., 2002;Jain, C.K., D.C. Singhal and M.K. Sharma (2002). Survey and Characterization of Waste Effluents Polluting River Hindon, IJEP 22(7);
102;NO3;mg/l;;;5.10;12;Krishni;D7;1997-1999;Jain et al., 2002;Jain, C.K., D.C. Singhal and M.K. Sharma (2002). Survey and Characterization of Waste Effluents Polluting River Hindon, IJEP 22(7);
103;NH3;mg/l;;;2.60;12;Krishni;D7;1997-1999;Jain et al., 2002;Jain, C.K., D.C. Singhal and M.K. Sharma (2002). Survey and Characterization of Waste Effluents Polluting River Hindon, IJEP 22(7);
104;PO4;mg/l;;;1.29;12;Krishni;D7;1997-1999;Jain et al., 2002;Jain, C.K., D.C. Singhal and M.K. Sharma (2002). Survey and Characterization of Waste Effluents Polluting River Hindon, IJEP 22(7);
105;Na;mg/l;;;86.00;12;Krishni;D7;1997-1999;Jain et al., 2002;Jain, C.K., D.C. Singhal and M.K. Sharma (2002). Survey and Characterization of Waste Effluents Polluting River Hindon, IJEP 22(7);
106;K;mg/l;;;28.00;12;Krishni;D7;1997-1999;Jain et al., 2002;Jain, C.K., D.C. Singhal and M.K. Sharma (2002). Survey and Characterization of Waste Effluents Polluting River Hindon, IJEP 22(7);
107;pH;;7.23;7.13;7.18;4;Kali;NA;2017-2018;Singh et al., 2020;Singh, G., Patel, N., Jindal, T. et al. Assessment of spatial and temporal variations in water quality by the application of multivariate statistical methods in the Kali River, Uttar Pradesh, India. Environ Monit Assess 192, 394 (2020). https://doi.org/10.1007/s10661-020-08307-0;
108;EC;?s/cm;705.9;1281.2;993.55;4;Kali;NA;2017-2018;Singh et al., 2020;Singh, G., Patel, N., Jindal, T. et al. Assessment of spatial and temporal variations in water quality by the application of multivariate statistical methods in the Kali River, Uttar Pradesh, India. Environ Monit Assess 192, 394 (2020). https://doi.org/10.1007/s10661-020-08307-0;
109;TDS;mg/l;385.9;655.6;520.75;4;Kali;NA;2017-2018;Singh et al., 2020;Singh, G., Patel, N., Jindal, T. et al. Assessment of spatial and temporal variations in water quality by the application of multivariate statistical methods in the Kali River, Uttar Pradesh, India. Environ Monit Assess 192, 394 (2020). https://doi.org/10.1007/s10661-020-08307-0;
111;BOD;mg/l;21.8;24.3;23.05;4;Kali;NA;2017-2018;Singh et al., 2020;Singh, G., Patel, N., Jindal, T. et al. Assessment of spatial and temporal variations in water quality by the application of multivariate statistical methods in the Kali River, Uttar Pradesh, India. Environ Monit Assess 192, 394 (2020). https://doi.org/10.1007/s10661-020-08307-0;
112;COD;mg/l;98.3;110.8;104.55;4;Kali;NA;2017-2018;Singh et al., 2020;Singh, G., Patel, N., Jindal, T. et al. Assessment of spatial and temporal variations in water quality by the application of multivariate statistical methods in the Kali River, Uttar Pradesh, India. Environ Monit Assess 192, 394 (2020). https://doi.org/10.1007/s10661-020-08307-0;
113;Alkalinity;mg/l;272.1;301.8;286.95;4;Kali;NA;2017-2018;Singh et al., 2020;Singh, G., Patel, N., Jindal, T. et al. Assessment of spatial and temporal variations in water quality by the application of multivariate statistical methods in the Kali River, Uttar Pradesh, India. Environ Monit Assess 192, 394 (2020). https://doi.org/10.1007/s10661-020-08307-0;
114;Hardness;mg/l;154.7;185.9;170.30;4;Kali;NA;2017-2018;Singh et al., 2020;Singh, G., Patel, N., Jindal, T. et al. Assessment of spatial and temporal variations in water quality by the application of multivariate statistical methods in the Kali River, Uttar Pradesh, India. Environ Monit Assess 192, 394 (2020). https://doi.org/10.1007/s10661-020-08307-0;
115;Ca;mg/l;44.6;52;48.30;4;Kali;NA;2017-2018;Singh et al., 2020;Singh, G., Patel, N., Jindal, T. et al. Assessment of spatial and temporal variations in water quality by the application of multivariate statistical methods in the Kali River, Uttar Pradesh, India. Environ Monit Assess 192, 394 (2020). https://doi.org/10.1007/s10661-020-08307-0;
116;Mg;mg/l;12.1;17.4;14.75;4;Kali;NA;2017-2018;Singh et al., 2020;Singh, G., Patel, N., Jindal, T. et al. Assessment of spatial and temporal variations in water quality by the application of multivariate statistical methods in the Kali River, Uttar Pradesh, India. Environ Monit Assess 192, 394 (2020). https://doi.org/10.1007/s10661-020-08307-0;
117;Na;mg/l;88.8;97.9;93.35;4;Kali;NA;2017-2018;Singh et al., 2020;Singh, G., Patel, N., Jindal, T. et al. Assessment of spatial and temporal variations in water quality by the application of multivariate statistical methods in the Kali River, Uttar Pradesh, India. Environ Monit Assess 192, 394 (2020). https://doi.org/10.1007/s10661-020-08307-0;
118;K;mg/l;31.3;37.7;34.50;4;Kali;NA;2017-2018;Singh et al., 2020;Singh, G., Patel, N., Jindal, T. et al. Assessment of spatial and temporal variations in water quality by the application of multivariate statistical methods in the Kali River, Uttar Pradesh, India. Environ Monit Assess 192, 394 (2020). https://doi.org/10.1007/s10661-020-08307-0;
119;HCO3;mg/l;225.7;277;251.35;4;Kali;NA;2017-2018;Singh et al., 2020;Singh, G., Patel, N., Jindal, T. et al. Assessment of spatial and temporal variations in water quality by the application of multivariate statistical methods in the Kali River, Uttar Pradesh, India. Environ Monit Assess 192, 394 (2020). https://doi.org/10.1007/s10661-020-08307-0;
120;Cl;mg/l;57;69.2;63.10;4;Kali;NA;2017-2018;Singh et al., 2020;Singh, G., Patel, N., Jindal, T. et al. Assessment of spatial and temporal variations in water quality by the application of multivariate statistical methods in the Kali River, Uttar Pradesh, India. Environ Monit Assess 192, 394 (2020). https://doi.org/10.1007/s10661-020-08307-0;
121;SO4;mg/l;22.8;29.6;26.20;4;Kali;NA;2017-2018;Singh et al., 2020;Singh, G., Patel, N., Jindal, T. et al. Assessment of spatial and temporal variations in water quality by the application of multivariate statistical methods in the Kali River, Uttar Pradesh, India. Environ Monit Assess 192, 394 (2020). https://doi.org/10.1007/s10661-020-08307-0;
122;NO3;mg/l;26.9;31.1;29.00;4;Kali;NA;2017-2018;Singh et al., 2020;Singh, G., Patel, N., Jindal, T. et al. Assessment of spatial and temporal variations in water quality by the application of multivariate statistical methods in the Kali River, Uttar Pradesh, India. Environ Monit Assess 192, 394 (2020). https://doi.org/10.1007/s10661-020-08307-0;
123;PO4;mg/l;2.54;3.5;3.02;4;Kali;NA;2017-2018;Singh et al., 2020;Singh, G., Patel, N., Jindal, T. et al. Assessment of spatial and temporal variations in water quality by the application of multivariate statistical methods in the Kali River, Uttar Pradesh, India. Environ Monit Assess 192, 394 (2020). https://doi.org/10.1007/s10661-020-08307-0;
124;F;mg/l;1.25;1.79;1.52;4;Kali;NA;2017-2018;Singh et al., 2020;Singh, G., Patel, N., Jindal, T. et al. Assessment of spatial and temporal variations in water quality by the application of multivariate statistical methods in the Kali River, Uttar Pradesh, India. Environ Monit Assess 192, 394 (2020). https://doi.org/10.1007/s10661-020-08307-0;
125;B;mg/l;1.96;2.28;2.12;4;Kali;NA;2017-2018;Singh et al., 2020;Singh, G., Patel, N., Jindal, T. et al. Assessment of spatial and temporal variations in water quality by the application of multivariate statistical methods in the Kali River, Uttar Pradesh, India. Environ Monit Assess 192, 394 (2020). https://doi.org/10.1007/s10661-020-08307-0;
126;Fe;?g/l;492.5;531.6;512.05;4;Kali;NA;2017-2018;Singh et al., 2020;Singh, G., Patel, N., Jindal, T. et al. Assessment of spatial and temporal variations in water quality by the application of multivariate statistical methods in the Kali River, Uttar Pradesh, India. Environ Monit Assess 192, 394 (2020). https://doi.org/10.1007/s10661-020-08307-0;
127;Mn;?g/l;224.5;252.4;238.45;4;Kali;NA;2017-2018;Singh et al., 2020;Singh, G., Patel, N., Jindal, T. et al. Assessment of spatial and temporal variations in water quality by the application of multivariate statistical methods in the Kali River, Uttar Pradesh, India. Environ Monit Assess 192, 394 (2020). https://doi.org/10.1007/s10661-020-08307-0;
128;Cu;?g/l;175.4;198.7;187.05;4;Kali;NA;2017-2018;Singh et al., 2020;Singh, G., Patel, N., Jindal, T. et al. Assessment of spatial and temporal variations in water quality by the application of multivariate statistical methods in the Kali River, Uttar Pradesh, India. Environ Monit Assess 192, 394 (2020). https://doi.org/10.1007/s10661-020-08307-0;
129;Zn;?g/l;211.5;237.7;224.60;4;Kali;NA;2017-2018;Singh et al., 2020;Singh, G., Patel, N., Jindal, T. et al. Assessment of spatial and temporal variations in water quality by the application of multivariate statistical methods in the Kali River, Uttar Pradesh, India. Environ Monit Assess 192, 394 (2020). https://doi.org/10.1007/s10661-020-08307-0;
130;Cd;?g/l;50.9;77.4;64.15;4;Kali;NA;2017-2018;Singh et al., 2020;Singh, G., Patel, N., Jindal, T. et al. Assessment of spatial and temporal variations in water quality by the application of multivariate statistical methods in the Kali River, Uttar Pradesh, India. Environ Monit Assess 192, 394 (2020). https://doi.org/10.1007/s10661-020-08307-0;
131;Cr;?g/l;119.1;133.8;126.45;4;Kali;NA;2017-2018;Singh et al., 2020;Singh, G., Patel, N., Jindal, T. et al. Assessment of spatial and temporal variations in water quality by the application of multivariate statistical methods in the Kali River, Uttar Pradesh, India. Environ Monit Assess 192, 394 (2020). https://doi.org/10.1007/s10661-020-08307-0;
132;Pb;?g/l;293.6;313.4;303.50;4;Kali;NA;2017-2018;Singh et al., 2020;Singh, G., Patel, N., Jindal, T. et al. Assessment of spatial and temporal variations in water quality by the application of multivariate statistical methods in the Kali River, Uttar Pradesh, India. Environ Monit Assess 192, 394 (2020). https://doi.org/10.1007/s10661-020-08307-0;
133;Ni;?g/l;233.1;251.5;242.30;4;Kali;NA;2017-2018;Singh et al., 2020;Singh, G., Patel, N., Jindal, T. et al. Assessment of spatial and temporal variations in water quality by the application of multivariate statistical methods in the Kali River, Uttar Pradesh, India. Environ Monit Assess 192, 394 (2020). https://doi.org/10.1007/s10661-020-08307-0;
134;Zn;?g/l;850;800;825.00;2;Hindon;R13;2013-2014;Mishra et al., 2021;Mishra, S., Kumar, A. & Shukla, P. Estimation of heavy metal contamination in the Hindon River, India: an environmetric approach. Appl Water Sci 11, 2 (2021). https://doi.org/10.1007/s13201-020-01331-y;
135;Cu;?g/l;3250;2440;2845.00;2;Hindon;R13;2013-2014;Mishra et al., 2021;Mishra, S., Kumar, A. & Shukla, P. Estimation of heavy metal contamination in the Hindon River, India: an environmetric approach. Appl Water Sci 11, 2 (2021). https://doi.org/10.1007/s13201-020-01331-y;changed mg/l > ?g/l * 1000
136;Fe;?g/l;870;999;935.00;2;Hindon;R13;2013-2014;Mishra et al., 2021;Mishra, S., Kumar, A. & Shukla, P. Estimation of heavy metal contamination in the Hindon River, India: an environmetric approach. Appl Water Sci 11, 2 (2021). https://doi.org/10.1007/s13201-020-01331-y;
137;Cr;?g/l;610;430;520.00;2;Hindon;R13;2013-2014;Mishra et al., 2021;Mishra, S., Kumar, A. & Shukla, P. Estimation of heavy metal contamination in the Hindon River, India: an environmetric approach. Appl Water Sci 11, 2 (2021). https://doi.org/10.1007/s13201-020-01331-y;changed mg/l > ?g/l * 1000
138;Fe;?g/l;;;226.00;12;Hindon;at Mahannager;1997-1999;Jain & Sharma, 2006;Jain, C. K., & Sharma, M. K. (2006). Heavy metal transport in the Hindon river basin, India. Environmental Monitoring and Assessment, 112, 255-270.;
139;Mn;?g/l;;;129.00;12;Hindon;at Mahannager;1997-1999;Jain & Sharma, 2006;Jain, C. K., & Sharma, M. K. (2006). Heavy metal transport in the Hindon river basin, India. Environmental Monitoring and Assessment, 112, 255-270.;
140;Cu;?g/l;;;6.60;12;Hindon;at Mahannager;1997-1999;Jain & Sharma, 2006;Jain, C. K., & Sharma, M. K. (2006). Heavy metal transport in the Hindon river basin, India. Environmental Monitoring and Assessment, 112, 255-270.;
141;Cr;?g/l;;;15.00;12;Hindon;at Mahannager;1997-1999;Jain & Sharma, 2006;Jain, C. K., & Sharma, M. K. (2006). Heavy metal transport in the Hindon river basin, India. Environmental Monitoring and Assessment, 112, 255-270.;
142;Ni;?g/l;;;24.00;12;Hindon;at Mahannager;1997-1999;Jain & Sharma, 2006;Jain, C. K., & Sharma, M. K. (2006). Heavy metal transport in the Hindon river basin, India. Environmental Monitoring and Assessment, 112, 255-270.;
143;Zn;?g/l;;;58.00;12;Hindon;at Mahannager;1997-1999;Jain & Sharma, 2006;Jain, C. K., & Sharma, M. K. (2006). Heavy metal transport in the Hindon river basin, India. Environmental Monitoring and Assessment, 112, 255-270.;
144;Pb;?g/l;;;37.00;12;Hindon;at Mahannager;1997-1999;Jain & Sharma, 2006;Jain, C. K., & Sharma, M. K. (2006). Heavy metal transport in the Hindon river basin, India. Environmental Monitoring and Assessment, 112, 255-270.;
145;Cd;?g/l;;;3.80;12;Hindon;at Mahannager;1997-1999;Jain & Sharma, 2006;Jain, C. K., & Sharma, M. K. (2006). Heavy metal transport in the Hindon river basin, India. Environmental Monitoring and Assessment, 112, 255-270.;
146;Fe;?g/l;;;2650.00;12;Kali;D6;1997-1999;Jain & Sharma, 2006;Jain, C. K., & Sharma, M. K. (2006). Heavy metal transport in the Hindon river basin, India. Environmental Monitoring and Assessment, 112, 255-270.;
147;Mn;?g/l;;;206.90;12;Kali;D6;1997-1999;Jain & Sharma, 2006;Jain, C. K., & Sharma, M. K. (2006). Heavy metal transport in the Hindon river basin, India. Environmental Monitoring and Assessment, 112, 255-270.;
148;Cu;?g/l;;;23.01;12;Kali;D6;1997-1999;Jain & Sharma, 2006;Jain, C. K., & Sharma, M. K. (2006). Heavy metal transport in the Hindon river basin, India. Environmental Monitoring and Assessment, 112, 255-270.;
149;Cr;?g/l;;;13.86;12;Kali;D6;1997-1999;Jain & Sharma, 2006;Jain, C. K., & Sharma, M. K. (2006). Heavy metal transport in the Hindon river basin, India. Environmental Monitoring and Assessment, 112, 255-270.;
150;Ni;?g/l;;;58.43;12;Kali;D6;1997-1999;Jain & Sharma, 2006;Jain, C. K., & Sharma, M. K. (2006). Heavy metal transport in the Hindon river basin, India. Environmental Monitoring and Assessment, 112, 255-270.;
151;Zn;?g/l;;;157.00;12;Kali;D6;1997-1999;Jain & Sharma, 2006;Jain, C. K., & Sharma, M. K. (2006). Heavy metal transport in the Hindon river basin, India. Environmental Monitoring and Assessment, 112, 255-270.;
152;Pb;?g/l;;;77.94;12;Kali;D6;1997-1999;Jain & Sharma, 2006;Jain, C. K., & Sharma, M. K. (2006). Heavy metal transport in the Hindon river basin, India. Environmental Monitoring and Assessment, 112, 255-270.;
153;Cd;?g/l;;;34.23;12;Kali;D6;1997-1999;Jain & Sharma, 2006;Jain, C. K., & Sharma, M. K. (2006). Heavy metal transport in the Hindon river basin, India. Environmental Monitoring and Assessment, 112, 255-270.;
154;Fe;?g/l;;;495.70;12;Krishni;D7;1997-1999;Jain & Sharma, 2006;Jain, C. K., & Sharma, M. K. (2006). Heavy metal transport in the Hindon river basin, India. Environmental Monitoring and Assessment, 112, 255-270.;
155;Mn;?g/l;;;76.33;12;Krishni;D7;1997-1999;Jain & Sharma, 2006;Jain, C. K., & Sharma, M. K. (2006). Heavy metal transport in the Hindon river basin, India. Environmental Monitoring and Assessment, 112, 255-270.;
156;Cu;?g/l;;;2.90;12;Krishni;D7;1997-1999;Jain & Sharma, 2006;Jain, C. K., & Sharma, M. K. (2006). Heavy metal transport in the Hindon river basin, India. Environmental Monitoring and Assessment, 112, 255-270.;
157;Cr;?g/l;;;8.24;12;Krishni;D7;1997-1999;Jain & Sharma, 2006;Jain, C. K., & Sharma, M. K. (2006). Heavy metal transport in the Hindon river basin, India. Environmental Monitoring and Assessment, 112, 255-270.;
158;Ni;?g/l;;;6.86;12;Krishni;D7;1997-1999;Jain & Sharma, 2006;Jain, C. K., & Sharma, M. K. (2006). Heavy metal transport in the Hindon river basin, India. Environmental Monitoring and Assessment, 112, 255-270.;
159;Zn;?g/l;;;38.26;12;Krishni;D7;1997-1999;Jain & Sharma, 2006;Jain, C. K., & Sharma, M. K. (2006). Heavy metal transport in the Hindon river basin, India. Environmental Monitoring and Assessment, 112, 255-270.;
160;Pb;?g/l;;;3.79;12;Krishni;D7;1997-1999;Jain & Sharma, 2006;Jain, C. K., & Sharma, M. K. (2006). Heavy metal transport in the Hindon river basin, India. Environmental Monitoring and Assessment, 112, 255-270.;
161;Cd;?g/l;;;4.41;12;Krishni;D7;1997-1999;Jain & Sharma, 2006;Jain, C. K., & Sharma, M. K. (2006). Heavy metal transport in the Hindon river basin, India. Environmental Monitoring and Assessment, 112, 255-270.;
162;Flow;m3/s;;;6.01;12;Hindon;R7;1997-1999;Jain et al., 2007;Jain, C. K., Singhal, D. C., & Sharma, M. K. (2007). Estimating nutrient loadings using chemical mass balance approach. Environmental monitoring and assessment, 134, 385-396.;
163;pH;;;;7.60;12;Hindon;R7;1997-1999;Jain et al., 2007;Jain, C. K., Singhal, D. C., & Sharma, M. K. (2007). Estimating nutrient loadings using chemical mass balance approach. Environmental monitoring and assessment, 134, 385-396.;
164;TDS;mg/l;;;652.00;12;Hindon;R7;1997-1999;Jain et al., 2007;Jain, C. K., Singhal, D. C., & Sharma, M. K. (2007). Estimating nutrient loadings using chemical mass balance approach. Environmental monitoring and assessment, 134, 385-396.;
165;DO;mg/l;;;2.35;12;Hindon;R7;1997-1999;Jain et al., 2007;Jain, C. K., Singhal, D. C., & Sharma, M. K. (2007). Estimating nutrient loadings using chemical mass balance approach. Environmental monitoring and assessment, 134, 385-396.;
166;BOD;mg/l;;;438.00;12;Hindon;R7;1997-1999;Jain et al., 2007;Jain, C. K., Singhal, D. C., & Sharma, M. K. (2007). Estimating nutrient loadings using chemical mass balance approach. Environmental monitoring and assessment, 134, 385-396.;
167;COD;mg/l;;;633.00;12;Hindon;R7;1997-1999;Jain et al., 2007;Jain, C. K., Singhal, D. C., & Sharma, M. K. (2007). Estimating nutrient loadings using chemical mass balance approach. Environmental monitoring and assessment, 134, 385-396.;
168;NO3;mg/l;;;5.10;12;Hindon;R7;1997-1999;Jain et al., 2007;Jain, C. K., Singhal, D. C., & Sharma, M. K. (2007). Estimating nutrient loadings using chemical mass balance approach. Environmental monitoring and assessment, 134, 385-396.;
169;PO4;mg/l;;;1.29;12;Hindon;R7;1997-1999;Jain et al., 2007;Jain, C. K., Singhal, D. C., & Sharma, M. K. (2007). Estimating nutrient loadings using chemical mass balance approach. Environmental monitoring and assessment, 134, 385-396.;
170;Flow;m3/s;;;20.94;12;Kali;D-6;1997-1999;Jain et al., 2007;Jain, C. K., Singhal, D. C., & Sharma, M. K. (2007). Estimating nutrient loadings using chemical mass balance approach. Environmental monitoring and assessment, 134, 385-396.;
171;pH;;;;7.50;12;Kali;D-6;1997-1999;Jain et al., 2007;Jain, C. K., Singhal, D. C., & Sharma, M. K. (2007). Estimating nutrient loadings using chemical mass balance approach. Environmental monitoring and assessment, 134, 385-396.;
172;TDS;mg/l;;;547.00;12;Kali;D-6;1997-1999;Jain et al., 2007;Jain, C. K., Singhal, D. C., & Sharma, M. K. (2007). Estimating nutrient loadings using chemical mass balance approach. Environmental monitoring and assessment, 134, 385-396.;
173;DO;mg/l;;;2.20;12;Kali;D-6;1997-1999;Jain et al., 2007;Jain, C. K., Singhal, D. C., & Sharma, M. K. (2007). Estimating nutrient loadings using chemical mass balance approach. Environmental monitoring and assessment, 134, 385-396.;
174;BOD;mg/l;;;52.00;12;Kali;D-6;1997-1999;Jain et al., 2007;Jain, C. K., Singhal, D. C., & Sharma, M. K. (2007). Estimating nutrient loadings using chemical mass balance approach. Environmental monitoring and assessment, 134, 385-396.;
175;COD;mg/l;;;72.00;12;Kali;D-6;1997-1999;Jain et al., 2007;Jain, C. K., Singhal, D. C., & Sharma, M. K. (2007). Estimating nutrient loadings using chemical mass balance approach. Environmental monitoring and assessment, 134, 385-396.;
176;NO3;mg/l;;;5.40;12;Kali;D-6;1997-1999;Jain et al., 2007;Jain, C. K., Singhal, D. C., & Sharma, M. K. (2007). Estimating nutrient loadings using chemical mass balance approach. Environmental monitoring and assessment, 134, 385-396.;
177;PO4;mg/l;;;0.65;12;Kali;D-6;1997-1999;Jain et al., 2007;Jain, C. K., Singhal, D. C., & Sharma, M. K. (2007). Estimating nutrient loadings using chemical mass balance approach. Environmental monitoring and assessment, 134, 385-396.;
178;Flow;m3/s;;;4.15;12;Krishni;D-7;1997-1999;Jain et al., 2007;Jain, C. K., Singhal, D. C., & Sharma, M. K. (2007). Estimating nutrient loadings using chemical mass balance approach. Environmental monitoring and assessment, 134, 385-396.;
179;pH;;;;7.60;12;Krishni;D-7;1997-1999;Jain et al., 2007;Jain, C. K., Singhal, D. C., & Sharma, M. K. (2007). Estimating nutrient loadings using chemical mass balance approach. Environmental monitoring and assessment, 134, 385-396.;
180;TDS;mg/l;;;652.00;12;Krishni;D-7;1997-1999;Jain et al., 2007;Jain, C. K., Singhal, D. C., & Sharma, M. K. (2007). Estimating nutrient loadings using chemical mass balance approach. Environmental monitoring and assessment, 134, 385-396.;
181;DO;mg/l;;;2.35;12;Krishni;D-7;1997-1999;Jain et al., 2007;Jain, C. K., Singhal, D. C., & Sharma, M. K. (2007). Estimating nutrient loadings using chemical mass balance approach. Environmental monitoring and assessment, 134, 385-396.;
182;BOD;mg/l;;;438.00;12;Krishni;D-7;1997-1999;Jain et al., 2007;Jain, C. K., Singhal, D. C., & Sharma, M. K. (2007). Estimating nutrient loadings using chemical mass balance approach. Environmental monitoring and assessment, 134, 385-396.;
183;COD;mg/l;;;633.00;12;Krishni;D-7;1997-1999;Jain et al., 2007;Jain, C. K., Singhal, D. C., & Sharma, M. K. (2007). Estimating nutrient loadings using chemical mass balance approach. Environmental monitoring and assessment, 134, 385-396.;
184;NO3;mg/l;;;5.10;12;Krishni;D-7;1997-1999;Jain et al., 2007;Jain, C. K., Singhal, D. C., & Sharma, M. K. (2007). Estimating nutrient loadings using chemical mass balance approach. Environmental monitoring and assessment, 134, 385-396.;
185;PO4;mg/l;;;1.29;12;Krishni;D-7;1997-1999;Jain et al., 2007;Jain, C. K., Singhal, D. C., & Sharma, M. K. (2007). Estimating nutrient loadings using chemical mass balance approach. Environmental monitoring and assessment, 134, 385-396.;
186;pH;;;;7.03;36;rainfall;Roorkee;2001-2002;Al Obaidy & Joshi, 2006;Al Obaidy, A. H. M. J., & Joshi, H. (2006). Chemical composition of rainwater in a tropical urban area of northern India. Atmospheric Environment, 40(35), 6886-6891.;
187;EC;?s/cm;;;22.33;36;rainfall;Roorkee;2001-2002;Al Obaidy & Joshi, 2006;Al Obaidy, A. H. M. J., & Joshi, H. (2006). Chemical composition of rainwater in a tropical urban area of northern India. Atmospheric Environment, 40(35), 6886-6891.;
188;TDS;mg/l;;;13.72;36;rainfall;Roorkee;2001-2002;Al Obaidy & Joshi, 2006;Al Obaidy, A. H. M. J., & Joshi, H. (2006). Chemical composition of rainwater in a tropical urban area of northern India. Atmospheric Environment, 40(35), 6886-6891.;
189;Ca;mg/l;;;2.91;36;rainfall;Roorkee;2001-2002;Al Obaidy & Joshi, 2006;Al Obaidy, A. H. M. J., & Joshi, H. (2006). Chemical composition of rainwater in a tropical urban area of northern India. Atmospheric Environment, 40(35), 6886-6891.;
190;Mg;mg/l;;;0.28;36;rainfall;Roorkee;2001-2002;Al Obaidy & Joshi, 2006;Al Obaidy, A. H. M. J., & Joshi, H. (2006). Chemical composition of rainwater in a tropical urban area of northern India. Atmospheric Environment, 40(35), 6886-6891.;
191;K;mg/l;;;0.58;36;rainfall;Roorkee;2001-2002;Al Obaidy & Joshi, 2006;Al Obaidy, A. H. M. J., & Joshi, H. (2006). Chemical composition of rainwater in a tropical urban area of northern India. Atmospheric Environment, 40(35), 6886-6891.;
192;Na;mg/l;;;0.89;36;rainfall;Roorkee;2001-2002;Al Obaidy & Joshi, 2006;Al Obaidy, A. H. M. J., & Joshi, H. (2006). Chemical composition of rainwater in a tropical urban area of northern India. Atmospheric Environment, 40(35), 6886-6891.;
193;HCO3;mg/l;;;5.39;36;rainfall;Roorkee;2001-2002;Al Obaidy & Joshi, 2006;Al Obaidy, A. H. M. J., & Joshi, H. (2006). Chemical composition of rainwater in a tropical urban area of northern India. Atmospheric Environment, 40(35), 6886-6891.;
194;Cl;mg/l;;;2.11;36;rainfall;Roorkee;2001-2002;Al Obaidy & Joshi, 2006;Al Obaidy, A. H. M. J., & Joshi, H. (2006). Chemical composition of rainwater in a tropical urban area of northern India. Atmospheric Environment, 40(35), 6886-6891.;
195;NO3;mg/l;;;2.07;36;rainfall;Roorkee;2001-2002;Al Obaidy & Joshi, 2006;Al Obaidy, A. H. M. J., & Joshi, H. (2006). Chemical composition of rainwater in a tropical urban area of northern India. Atmospheric Environment, 40(35), 6886-6891.;
196;SO4;mg/l;;;1.09;36;rainfall;Roorkee;2001-2002;Al Obaidy & Joshi, 2006;Al Obaidy, A. H. M. J., & Joshi, H. (2006). Chemical composition of rainwater in a tropical urban area of northern India. Atmospheric Environment, 40(35), 6886-6891.;
197;EC;?s/cm;;;29.00;2;rainfall;Panipat;2008;Bharti et al., 2017;Bharti, P. K., Singh, V., & Tyagi, P. K. (2017). Assessment of rainwater quality in industrial area of rural Panipat (Haryana), India. Archives of Agriculture and Environmental Science, 2(3), 219-223.;
198;TDS;mg/l;;;146.00;2;rainfall;Panipat;2008;Bharti et al., 2017;Bharti, P. K., Singh, V., & Tyagi, P. K. (2017). Assessment of rainwater quality in industrial area of rural Panipat (Haryana), India. Archives of Agriculture and Environmental Science, 2(3), 219-223.;
199;pH;;;;6.54;2;rainfall;Panipat;2008;Bharti et al., 2017;Bharti, P. K., Singh, V., & Tyagi, P. K. (2017). Assessment of rainwater quality in industrial area of rural Panipat (Haryana), India. Archives of Agriculture and Environmental Science, 2(3), 219-223.;
200;Alkalinity;mg/l;;;53.00;2;rainfall;Panipat;2008;Bharti et al., 2017;Bharti, P. K., Singh, V., & Tyagi, P. K. (2017). Assessment of rainwater quality in industrial area of rural Panipat (Haryana), India. Archives of Agriculture and Environmental Science, 2(3), 219-223.;
201;Hardness;mg/l;;;100.50;2;rainfall;Panipat;2008;Bharti et al., 2017;Bharti, P. K., Singh, V., & Tyagi, P. K. (2017). Assessment of rainwater quality in industrial area of rural Panipat (Haryana), India. Archives of Agriculture and Environmental Science, 2(3), 219-223.;
202;Ca;mg/l;;;40.00;2;rainfall;Panipat;2008;Bharti et al., 2017;Bharti, P. K., Singh, V., & Tyagi, P. K. (2017). Assessment of rainwater quality in industrial area of rural Panipat (Haryana), India. Archives of Agriculture and Environmental Science, 2(3), 219-223.;
203;Mg;mg/l;;;60.50;2;rainfall;Panipat;2008;Bharti et al., 2017;Bharti, P. K., Singh, V., & Tyagi, P. K. (2017). Assessment of rainwater quality in industrial area of rural Panipat (Haryana), India. Archives of Agriculture and Environmental Science, 2(3), 219-223.;
204;Cl;mg/l;;;4.98;2;rainfall;Panipat;2008;Bharti et al., 2017;Bharti, P. K., Singh, V., & Tyagi, P. K. (2017). Assessment of rainwater quality in industrial area of rural Panipat (Haryana), India. Archives of Agriculture and Environmental Science, 2(3), 219-223.;
205;silica;mg/l;;;5.39;2;rainfall;Panipat;2008;Bharti et al., 2017;Bharti, P. K., Singh, V., & Tyagi, P. K. (2017). Assessment of rainwater quality in industrial area of rural Panipat (Haryana), India. Archives of Agriculture and Environmental Science, 2(3), 219-223.;
206;Fe;?g/l;;;108.50;2;rainfall;Panipat;2008;Bharti et al., 2017;Bharti, P. K., Singh, V., & Tyagi, P. K. (2017). Assessment of rainwater quality in industrial area of rural Panipat (Haryana), India. Archives of Agriculture and Environmental Science, 2(3), 219-223.;changed to microg/l => x1000
207;SO4;mg/l;;;126.50;2;rainfall;Panipat;2008;Bharti et al., 2017;Bharti, P. K., Singh, V., & Tyagi, P. K. (2017). Assessment of rainwater quality in industrial area of rural Panipat (Haryana), India. Archives of Agriculture and Environmental Science, 2(3), 219-223.;
208;DO;mg/l;;;4.90;2;rainfall;Panipat;2008;Bharti et al., 2017;Bharti, P. K., Singh, V., & Tyagi, P. K. (2017). Assessment of rainwater quality in industrial area of rural Panipat (Haryana), India. Archives of Agriculture and Environmental Science, 2(3), 219-223.;
209;BOD;mg/l;;;3.00;2;rainfall;Panipat;2008;Bharti et al., 2017;Bharti, P. K., Singh, V., & Tyagi, P. K. (2017). Assessment of rainwater quality in industrial area of rural Panipat (Haryana), India. Archives of Agriculture and Environmental Science, 2(3), 219-223.;
210;COD;mg/l;;;22.50;2;rainfall;Panipat;2008;Bharti et al., 2017;Bharti, P. K., Singh, V., & Tyagi, P. K. (2017). Assessment of rainwater quality in industrial area of rural Panipat (Haryana), India. Archives of Agriculture and Environmental Science, 2(3), 219-223.;
211;Pb;?g/l;;;45.50;2;rainfall;Panipat;2008;Bharti et al., 2017;Bharti, P. K., Singh, V., & Tyagi, P. K. (2017). Assessment of rainwater quality in industrial area of rural Panipat (Haryana), India. Archives of Agriculture and Environmental Science, 2(3), 219-223.;changed to microg/l => x1000
